@id,@type,name,name:ar,name:he,amenity,shop,office,healthcare,tourism,leisure,craft,opening_hours,phone,contact:phone,website,addr:street,addr:housenumber,@lat,@lon
4198934382,node,Al-Ikhaa Parking,الاخاء,חניית אל אח׳א,parking,,,,,,,,,,,,,31.3907842,34.7673192
4198934512,node,Al-Ikhaa Mosque,مسجد الاخاء,מסגד אל אח׳א,place_of_worship,,,,,,,,,,,,,31.3905546,34.7676911
4199638872,node,Rahat Post Office,مكتب البريد,דואר רהט,post_office,,,,,,,,,,,,,31.3952422,34.7595364
4199638888,node,Dental Electrical Appliances,دنتال للأجهزة الكهربائية,דנטל מוצרי חשמל,,electronics,,,,,,,,,,,,31.3933715,34.7668313
4199639898,node,Bank Hapoalim ATM,صراف بنك العمال,כספומט בנק הפועלים,atm,,,,,,,,,,,,,31.3963806,34.7573800
4199639906,node,Mercantile Bank,ماركنتيل,בנק מרכנתיל,bank,,,,,,,,,,https://www.mercantile.co.il,,,31.3954741,34.7572839
4199639929,node,Abu Hassan Butcher and Grill,ملحمة ومشاوي ابو حسن,אטליז וגריל אבו חסן,,butcher,,,,,,,,,,,,31.3934561,34.7720648
4199639942,node,Mercantile ATM,صراف مركنتيل,כספומט מרכנתיל,atm,,,,,,,,,,,,,31.3953748,34.7573329
4199639958,node,Yesh Bashchuna,يش بشخونا,יש בשכונה,,supermarket,,,,,,,,,http://www.yesh.co.il,,,31.3963284,34.7577407
4199639966,node,Zaqna Shop,دكان زقنة,חנות זקנה,,supermarket,,,,,,,,,,,,31.3925824,34.7675144
4199639973,node,Shopping Center,مركز التسوق,מרכז קניות,,supermarket,,,,,,,,,,,,31.3937999,34.7719173
4199639978,node,Bank Hapoalim,بنك هبوعليم,בנק הפועלים,bank,,,,,,,,,,https://www.bankhapoalim.co.il,,,31.3964418,34.7573445
4199654264,node,Lottery Shop,القمار,חנות לוטו,,lottery,,,,,,,,,,,,31.3950451,34.7577975
4199654265,node,Sababa Cafe,صبابا,סבבה קפה,cafe,,,,,,,,,,,,,31.3927951,34.7602522
4199654275,node,Al-Jabour Cafe,أرجيلة الجبور,קפה אל ג׳בור,cafe,,,,,,,,,,,,,31.3910205,34.7613017
4199654278,node,At Sami Restaurant,عند سامي,אצל סמי,fast_food,,,,,,,Mo-Su 09:00-23:00,,,,,,31.3931180,34.7700239
4199654287,node,Al-Salam Restaurant,مطعم السلام,מסעדת אלסלאם,fast_food,,,,,,,,,,,,,31.3950800,34.7584821
4199654288,node,Al-Taboon Restaurant,مطعم الطابون,מסעדת הטאבון,fast_food,,,,,,,,,,,,,31.3953094,34.7536832
4199662334,node,Izzat Falafel,فلافل عزات,פלאפל עזאת,fast_food,,,,,,,,,,,,,31.3973544,34.7554756
4200354263,node,Sima Center,سيما سنتر,סימה סנטר,,supermarket,,,,,,,,,,,,31.3927468,34.7749557
4200354281,node,Salman Shop,دكان سلمان,חנות סלמאן,,supermarket,,,,,,,,,,,,31.3956778,34.7694904
4200358100,node,Paz Gas Station,باز,פז,fuel,,,,,,,,,,https://www.paz.co.il,,,31.3945499,34.7575612
4200358112,node,Cafe Argeleh,أرجيلة,קפה ארגילה,cafe,,,,,,,,,,,,,31.3923419,34.7754013
4200358132,node,Al-Bari Pizza,بيتزا البري,פיצה אלברי,fast_food,,,,,,,,,,,,,31.3973927,34.7626099
4202076247,node,Police Parking,مصف الشرطة,חניון המשטרה,parking,,,,,,,,,,,,,31.4034951,34.7551640
4202076257,node,Parking Lot,موقف سيارات,חניון,parking,,,,,,,,,,,,,31.4000274,34.7630479
4202124980,node,Parking Lot,موقف سيارات,חניון,parking,,,,,,,,,,,,,31.3928789,34.7691674
4202524709,node,Parking Lot,موقف سيارات,חניון,parking,,,,,,,,,,,,,31.3991224,34.7621405
4205904148,node,Al-Rozana Sweets,حلويات الروزنةً,ממתקי אלרוזנה,,confectionery,,,,,,,,,,,,31.3941447,34.7524034
4205904153,node,Taysir Shop,دكان تيسير,חנות תיסיר,,supermarket,,,,,,,,,,,,31.3954037,34.7538626
4212964632,node,Parking Lot,موقف سيارات,חניון,parking,,,,,,,,,,,,,31.3935728,34.7691284
4213039294,node,Mercantile Discount Bank,بنك ماركنتيل ديسكاونت,בנק מרכנתיל דיסקונט,bank,,,,,,,,,,https://www.mercantile.co.il,,,31.3952958,34.7572708
4213069591,node,Abu Hassan Butcher,ملحمة ابو حسن,אטליז אבו חסן,,butcher,,,,,,,,,,,,31.3934942,34.7720693
4213069592,node,Zaqna Supermarket,زقنة,זקנה,,supermarket,,,,,,24/7,,,,,,31.3927461,34.7675710
4213076790,node,Beit Al-Hikma School,مدرسة بين الحكمة,בית ספר בית אל חכמה,school,,,,,,,,,,,,,31.3936583,34.7659775
4213079389,node,Shopping Center,شوبينغ سنتر,שופינג סנטר,,supermarket,,,,,,Mo-Su 05:30-23:30,,,,,,31.3937358,34.7719105
5454011421,node,Al-Bayt,البيت,אלבית,,,,,,caravan_site,,,,,,,مدخل مدرسة,,31.3986631,34.7604795
5454011422,node,The Market,السوق,השוק,,supermarket,,,,,,,,,,,,31.3953140,34.7602148
5570785247,node,Al-Rashideen Mosque,مسجد الراشدين,מסגד אל ראשדין,place_of_worship,,,,,,,,,,,,,31.3994167,34.7472605
5863783785,node,Al-Salam Clinic,السلام,מרפאת אלסלאם,doctors,,,,,,,,,,,السلام,22,31.3855246,34.7400032
6093214385,node,Al-Ikhwa Supermarket,سوبرماركت الاخوة,סופרמרקט האחים,,supermarket,,,,,,Mo-Su 05:00-23:00,0546168064,,,شارع صلاح الدين,52,31.3876028,34.7447435
61328546,way,Hapoel Rahat Field,ملعب هبوعل رهط,מגרש הפועל רהט,,,,,,pitch,,,,,,,,31.3901298,34.7523183
61332264,way,City Center Public Park,حديقة عامة مركز البلد,גן ציבורי מרכז העיר,,,,,,park,,,,,,,,31.3963438,34.7552185
169460517,way,Municipal Market,سوق بلدي,שוק עירוני,marketplace,,,,,,,,,,,,,31.3948026,34.7592810
169460518,way,Municipal Market,سوق بلدي,שוק עירוני,marketplace,,,,,,,,,,,,,31.3947379,34.7595242
374489858,way,Al-Ikhaa School,مدرسة الإخاء,בית ספר אל אח׳א,school,,,,,,,,,,,,,31.3892965,34.7696746
374489859,way,Al-Noor School,مدرسة النور,בית ספר אלנור,school,,,,,,,,,,,,,31.3891660,34.7645214
374489860,way,Salah Al-Din School,مدرسة صلاح الدين,בית ספר סלאח אלדין,school,,,,,,,,,,,,,31.3927977,34.7414333
374489861,way,Al-Rahma Elementary School,مدرسة الرحمة الابتدائية,בית ספר יסודי אלרחמה,school,,,,,,,,,,,,,31.3879943,34.7574809
374489862,way,Khamis School,مدرسة خميس,בית ספר ח׳מיס,school,,,,,,,,,,,,,31.3884323,34.7383792
374489863,way,Al-Salam A School,مدرسة السلام أ,בית ספר אלסלאם א,school,,,,,,,,,,,,,31.3880233,34.7389319
374489867,way,Ibn Sina School,مدرسة ابن سينا,בית ספר אבן סינא,school,,,,,,,,,,,,,31.3859728,34.7485858
374492489,way,High School A,الثانوية أ,תיכון א,school,,,,,,,,,,,,,31.3987843,34.7582228
374492922,way,Al-Ozzi Comprehensive High School,ثانوية شاملة العزي,תיכון מקיף אל עוזי,school,,,,,,,,,,,,,31.3932665,34.7430764
374492923,way,Omar Ibn Al-Khattab School,مدرسة عمر بن الخطاب,בית ספר עומר אבן אלחטאב,school,,,,,,,,,,,,,31.3932741,34.7493334
374492924,way,Amal Technological School,مدرسة عمال التكنولوجية,בית ספר עמל טכנולוגי,school,,,,,,,,,,,,,31.4004472,34.7570301
374492925,way,Al-Huda School,مدرسة الهدى,בית ספר אלהודא,school,,,,,,,,,,,,,31.3999751,34.7495636
419903042,way,Parking Lot,موقف سيارات,חניון,parking,,,,,,,,,,,,,31.3908242,34.7673772
419903045,way,Rahat Community Center,المركز الجماهيري رهط,מתנ״ס רהט,community_centre,,,,,,,,,,,,,31.3968290,34.7565391
419903059,way,Beit Al-Hikma School,مدرسة بيت الحكمة,בית ספר בית אל חכמה,school,,,,,,,,,,,,,31.3939332,34.7655094
419961663,way,Cemetery Parking,مقبرة موقف للسيارات,חניון בית העלמין,parking,,,,,,,,,,,,,31.3882823,34.7241633
419977642,way,Rahat Commercial Center,المركز التجاري رهط,המרכז המסחרי רהט,,mall,,,,,,,,,,,,31.3946474,34.7583785
419977644,way,Yesh Supermarket,يش,יש,,supermarket,,,,,,,,,,,,31.3963314,34.7577297
419977645,way,Al-Ihsan Mosque,مسجد الإحسان,מסגד אלאחסאן,place_of_worship,,,,,,,,,,,,,31.3936358,34.7631244
419977650,way,Hilal Mosque,مسجد هلال,מסגד הילאל,place_of_worship,,,,,,,,,,,,,31.4000045,34.7633256
419977653,way,Ibn Khaldun Circle,دوار ابن خلدون,כיכר אבן ח׳לדון,,,,,,,garden,,,,,,,,31.3999219,34.7558842
419979061,way,Police Station,محطة الشرطة,תחנת משטרה,police,,,,,,,,,,,,,31.4031570,34.7553683
419979064,way,Fire Station,محطة الاطفاء,תחנת כיבוי אש,fire_station,,,,,,,,,,,,,31.4028123,34.7553312
419980067,way,Tipat Halav,قطرة حليب,טיפת חלב,childcare,,,,,,,,,,,,,31.3937722,34.7692560
419980070,way,Rahat Pais Center,مركز بايس رهط,מרכז פיס רהט,,,,,,,pitch,,,,,,,,31.3934897,34.7429659
420041295,way,Sports Field,ملعب,מגרש ספורט,,,,,,,pitch,,,,,,,,31.3891260,34.7652463
420051220,way,Clalit Rahat Clinic,مستشفى كلاليت رهط,מרפאת כללית רהט,clinic,,,,,,,,,,,,,31.3969814,34.7574396
420261693,way,Parking Lot,موقف سيارات,חניון,parking,,,,,,,,,,,,,31.4000079,34.7630578
420261697,way,Police Parking,مصف الشرطة,חניון המשטרה,parking,,,,,,,,,,,,,31.4034745,34.7551644
420268708,way,Parking Lot,موقف سيارات,חניון,parking,,,,,,,,,,,,,31.3927642,34.7691119
420313723,way,Parking Lot,موقف سيارات,חניון,parking,,,,,,,,,,,,,31.3990916,34.7621445
420313727,way,School Field,ملعب مدرسة,מגרש בית ספר,,,,,,,pitch,,,,,,,,31.3990663,34.7628502
420627332,way,Al-Taqwa Mosque,مسجد التقوى,מסגד אלתקווא,place_of_worship,,,,,,,,,,,شارع السلام,,31.3914801,34.7478197
420639926,way,Sports Field,ملعب,מגרש ספורט,,,,,,,pitch,,,,,,,,31.3840671,34.7356592
420650672,way,Al-Noor Circle,دوار النور,כיכר אל נור,,,,,,garden,,,,,,,,31.3936883,34.7595878
420650673,way,Basketball Court,ملعب كرة سلة,מגרש כדורסל,,,,,,,pitch,,,,,,,,31.3893237,34.7517756
420650675,way,School Field,ملعب مدرسة,מגרש בית ספר,,,,,,,pitch,,,,,,,,31.3935630,34.7487919
420651294,way,Al-Ikhaa Circle,دوار الاخاء,כיכר אל אח׳א,,,,,,,garden,,,,,,,,31.3926986,34.7676786
421544480,way,Parking Lot,موقف سيارات,חניון,parking,,,,,,,,,,,,,31.3935601,34.7692016
421547657,way,Al-Baz Square,ساحة الباز,כיכר אלבאז,,,,,,,garden,,,,,,,,31.3828027,34.7715923
421547658,way,Ibn Rushd Square,ساحة ابن رشد,כיכר אבן רושד,,,,,,,garden,,,,,,,,31.3802860,34.7811620
421927131,way,School Field,الملعب المدرسة,מגרש בית ספר,,,,,,,pitch,,,,,,,,31.3875644,34.7579571
444728659,way,Mosque,مسجد,מסגד,place_of_worship,,,,,,,,,,,,,31.3970584,34.7701783
499426747,way,Dar Al-Qalam School,مدرسة دار القلم,בית ספר דאר אלקלם,school,,,,,,,,,,,,,31.3918135,34.7682542
525256306,way,SodaStream,صودا ستريم,סודה סטרים,,,company,,,,,,,,,,,31.3823370,34.7876826
553622481,way,Basketball Court,ملعب كرة السلة,מגרש כדורסל,,,,,,,pitch,,,,,,,,31.3981036,34.7594866
567018288,way,Al-Rahma Mosque,مسجد الرحمة,מסגד אלרחמה,place_of_worship,,,,,,,,,,,شارع صلاح الدين,,31.3874613,34.7594155
582181178,way,Al-Salam Mosque,مسجد السلام,מסגד אלסלאם,place_of_worship,,,,,,,,,,,,,31.3880117,34.7402596
582480376,way,Bilal Ibn Rabah Mosque,مسجد بلال بن رباح,מסגד בלאל בן רבאח,place_of_worship,,,,,,,,,,,,,31.3970140,34.7640501
582502712,way,Al-Ansar Mosque,مسجد الأنصار,מסגד אלאנסאר,place_of_worship,,,,,,,,,,,,,31.3908834,34.7643721